column,n_total,n_missing,missing_ratio_actual,n_observed,mean,std,min,25%,50%,75%,max
0,200,19,0.095,181,-0.008281042949056674,0.4396360843703488,-1.2845617029522636,-0.3222827832150896,-0.0042285526461431,0.2411645858090989,1.228807220568186
1,200,20,0.1,180,-0.006790010170418201,0.44476821903730696,-1.2212829130076626,-0.2977763608454562,0.0034516352545203993,0.2722979914782903,1.2286143096542994
2,200,21,0.105,179,-0.015049507307656203,0.4551286359653036,-1.121587488131362,-0.28196390388513054,-0.015598487389133,0.2381628983772214,1.6756673276915257
3,200,14,0.07,186,-0.0045901136320626364,0.4496724989746631,-1.2330862506703766,-0.3171415874433844,0.0007983519966763999,0.2790132102444546,1.047755247013532
4,200,11,0.055,189,-0.007434901394975925,0.4360523672000007,-1.238820598164392,-0.2925718705942454,-0.0220198251782552,0.2610783363830711,1.317364326390818
5,200,30,0.15,170,-0.00766599754563739,0.4208398394668684,-1.2899117487326772,-0.3166137852519012,-0.01010926159083915,0.25239788069118896,1.0746762441162685
