column,n_total,n_missing,missing_ratio_actual,n_observed,mean,std,min,25%,50%,75%,max
0,200,95,0.475,105,-0.05543933903108164,0.567740000669044,-1.265761750862243,-0.4616030396284245,-0.0701618551432962,0.3247992726084328,1.3906046943641068
1,200,106,0.53,94,0.031838331929961924,0.6182766251670535,-1.3909929230251694,-0.43806713679660797,-0.013726410206819549,0.4104092353365519,1.4232378859613648
2,200,99,0.495,101,-0.02436299921474829,0.6325269560904585,-1.4566006858749931,-0.4099811422800379,-0.1400291102094895,0.3549191828883535,2.113427913977916
3,200,110,0.55,90,0.06961064343327907,0.6162047065458403,-1.4249613440428996,-0.3020374288894027,0.01860298828585925,0.4758181087116618,2.242165531878838
4,200,92,0.46,108,-0.00796727656840438,0.5842491445157589,-1.746005784416799,-0.3276111925492662,-0.02373918244517565,0.3867128418502821,1.1478183746084558
5,200,100,0.5,100,0.023492623564269767,0.548589999417892,-1.0233587262027448,-0.36403408676714694,-0.0547687458862618,0.4052894095161005,1.6509695958623092
